scenario,fill_rate,revenue,cost,margin,margin_pct,lost_sales,total_demand,total_sales
baseline,0.9710618868390202,4499975.0,2198662.0,2301313.0,51.140573003183356,469,16207,15738
high_demand,0.9320978988254013,5150285.0,2495326.0,2654959.0,51.54974918863713,1451,21369,19918
supply_issues,0.9455580301905468,4305790.0,2098764.0,2207026.0,51.2571676742247,880,16164,15284
